4506,崇友實業,16,16,1,47.69,
6183,關貿網路,16,16,1,66.5,
2458,義隆,16,16,1,34.31,
1315,達新工業,16,16,1,61.56,
1503,士電,16,16,1,11.94,
1713,國化,16,16,1,22.56,
5601,臺聯貨櫃,16,16,1,25.25,20170706
8917,欣泰,16,16,1,22.63,
1319,東陽,15,15,1,34.47,
3008,大立光,15,15,1,32.33,
1731,美吾華,15,15,1,38.67,20170704
6138,茂達電子,15,15,1,10.67,
6005,群益證券,15,15,1,56.6,
1730,花仙子,15,15,1,54.93,20170727
1907,永豐餘,15,15,1,37.67,
3034,聯詠,15,15,1,63.07,
6206,飛捷,14,14,1,104.86,
2369,菱生,14,14,1,32.79,20170703
1504,東元電機,14,14,1,22.29,20170705
2330,台積電,13,13,1,46.15,20170626
1565,精華光學,13,13,1,32.54,
6247,淇譽電子,13,13,1,34.38,
9105,泰金寶-DR,13,13,1,8.15,20170313
2901,欣欣大眾,13,13,1,4.23,
2910,統領,13,13,1,31.69,20170622
4532,瑞智精密,13,13,1,53.92,
6274,台燿,13,13,1,45.62,
2032,新鋼工業,13,13,1,57.08,20170626
3231,緯創,13,13,1,40.08,
1609,大亞電線,12,12,1,41.33,
50,台灣50,12,12,1,32.58,20170208
8240,華宏新技,12,12,1,21.92,
5703,亞都麗緻,12,12,1,30.17,
1110,東泥,12,12,1,28.08,
6147,頎邦科技,11,11,1,18.36,
5530,龍巖,11,11,1,43.27,
9911,櫻花,11,11,1,24.73,20170704
2514,龍邦國際,11,11,1,21.82,
6187,萬潤,11,11,1,37.27,
1905,華紙,11,11,1,40.64,
2362,藍天,11,11,1,56,20170630
2515,中工,11,11,1,20.91,
4533,協易機械,11,11,1,31.09,
1108,幸福,10,10,1,32.4,
5392,應華精密,10,10,1,9.3,
3504,揚明光學,10,10,1,16.6,
8044,網路家庭,10,10,1,32.3,
3029,零壹科技,10,10,1,32.1,
2608,嘉里大榮,10,10,1,13.5,20170713
1729,必翔,10,10,1,54.7,
8996,高力,10,10,1,26.5,
9945,潤泰新,10,10,1,12.6,
2504,國產,10,10,1,9.8,
2383,台光電子,10,10,1,45.1,
6231,系微,10,10,1,48.8,
2340,光磊,9,9,1,44,
5009,榮剛材料,9,9,1,14.67,
51,元大中型100,9,9,1,12.78,
6265,方土昶,9,9,1,26.56,
2472,立隆電子,9,9,1,17.78,
2206,三陽工業,9,9,1,41.11,
1310,台苯,9,9,1,62,20170629
3068,美磊,9,9,1,27.89,
3025,星通,9,9,1,4.67,
2402,毅嘉,9,9,1,54,
6118,建達國際,9,9,1,6.44,
8261,富鼎先進,9,9,1,10.56,20170605
1409,新纖,8,8,1,22.63,
2327,國巨,8,8,1,6,20170622
3018,同開科技,8,8,1,57,
1523,開億,8,8,1,10.13,
1784,訊聯,8,8,1,14,
3552,同致電子,8,8,1,16.88,
3325,旭品科技,8,8,1,20.63,
9188,精熙國際,8,8,1,29.88,
6174,安碁科技,8,8,1,23,
9104,萬宇科,8,8,1,12.75,
2482,連宇,8,8,1,9.25,
54,台商50,8,8,1,38.88,
1454,台富,8,8,1,31.75,20170704
5443,均豪精密,8,8,1,14,
3050,鈺德科技,7,7,1,19.43,
1312,國喬石化,7,7,1,31,
53,寶電子,7,7,1,30,
2434,統懋,7,7,1,6.71,
55,寶金融,7,7,1,51.14,
01008T,駿馬R1,7,7,1,12.29,
1446,宏和,7,7,1,10.57,
9136,巨騰-DR,7,7,1,2,20170522
1512,瑞利,7,7,1,35.14,
4133,亞諾法,7,7,1,2.14,
3011,今皓,7,7,1,10.43,
2313,華通,7,7,1,3.29,
2601,益航,7,7,1,6.57,
4903,聯光通信,7,7,1,11,
2012,春雨,7,7,1,87.57,
910322,康師傅-DR,7,7,1,1.29,20170703
2913,農林,6,6,1,12.67,
2394,普立爾,6,6,1,55.17,
2723,美食-KY,6,6,1,32,20170630
2516,新建,6,6,1,43.83,
4609,唐鋒實業,6,6,1,15.17,
1590,亞德客-KY,6,6,1,60,20170615
1410,南染,6,6,1,38.5,
2618,長榮航,6,6,1,29,
2432,倚天,6,6,1,26.5,
5465,富驊企業,6,6,1,34.33,
1463,強盛,6,6,1,4.33,
6201,寶富櫃,6,6,1,6,
2444,友旺,6,6,1,47.83,
5410,國眾電腦,6,6,1,82.5,
4965,商店街,6,6,1,9.83,
3232,昱捷,6,6,1,47.83,
1605,華新,6,6,1,46.17,
1702,南僑化工,6,6,1,4.5,
6203,寶摩臺,6,6,1,18.33,20170208
2368,金像電,6,6,1,4.67,
4912,聯德控股-KY,6,6,1,42.67,
2446,全懋,5,5,1,3.6,
8085,福華,5,5,1,18.6,
8034,榮群電訊,5,5,1,3,
8086,宏捷科技,5,5,1,60.8,20170626
5523,宏都建設,5,5,1,59,
4935,茂林-KY,5,5,1,7,
1305,華夏,5,5,1,36.4,
1589,永冠-KY,5,5,1,48.2,20170713
2808,北商銀,5,5,1,3.4,
2506,太設,5,5,1,29,
6204,豐臺灣,5,5,1,60.4,
3171,天馳科技,5,5,1,50.2,
5201,凱衛資訊,5,5,1,18,
8183,精星,5,5,1,25,
52,富邦科技,5,5,1,77.6,20170503
1470,大統染,5,5,1,2.6,
4958,臻鼎-KY,5,5,1,34.8,
5202,力新國際,5,5,1,40.4,
6226,光鼎電子,5,5,1,20.4,
3658,漢微科,5,5,1,2,
3268,海德威,5,5,1,3.8,
4966,譜瑞-KY,5,5,1,27.4,
60,新台灣,5,5,1,13.2,
01006T,基泰之星,5,5,1,10.6,
1337,再生-KY,5,5,1,28,
4984,科納-KY,5,5,1,3.6,
2336,致伸,5,5,1,44.8,
8404,百和興業-KY,5,5,1,25.2,20170726
8423,保綠-KY,5,5,1,3.8,
3703,欣陸,5,5,1,42,
1416,廣豐,5,5,1,66.4,
8266,中日新科,5,5,1,4.6,
4513,福裕事業,5,5,1,14.6,
1732,毛寶,5,5,1,43,
6208,富邦台50,5,5,1,38,
1466,聚隆,5,5,1,5,
2321,東訊,5,5,1,42.4,
3004,豐達科,5,5,1,4.8,
5344,立衛科技,5,5,1,55.4,
6004,元京證券,5,5,1,18.4,
9151,旺旺,4,4,1,4.75,
2923,鼎固-KY,4,4,1,1,
4934,太極能源,4,4,1,17.5,
4746,台耀,4,4,1,16.5,
2524,京城,4,4,1,35.75,
2302,麗正,4,4,1,39,
1714,和桐,4,4,1,24.75,
2543,皇昌,4,4,1,19.75,
2854,寶來證,4,4,1,70.75,
3095,及成,4,4,1,7.75,
3704,合勤控,4,4,1,25,
4130,健亞,4,4,1,1,
5326,漢磊科技,4,4,1,1.5,
910708,新傳媒,4,4,1,5,
6127,九豪精密,4,4,1,2,
5494,德鑫科技,4,4,1,83.25,
1457,宜進,4,4,1,5,
9802,鈺齊-KY,4,4,1,47.75,20170706
1258,其祥-KY,4,4,1,8.25,
5306,桂盟,4,4,1,30.25,
2363,矽統科技,4,4,1,1,
1810,和成,4,4,1,8,
1321,大洋,4,4,1,112.25,
4141,F-龍燈,4,4,1,4,
4728,雙美,4,4,1,2.75,
5398,力瑋,4,4,1,40.25,
910801,金衛,4,4,1,2,
8101,華冠,3,3,1,37,
911201,僑威控,3,3,1,5.67,
3126,信億科技,3,3,1,26.67,
5205,漢康科技,3,3,1,1.33,
3697,F-晨星,3,3,1,22.33,
8082,捷超,3,3,1,61.67,
6241,易通展,3,3,1,95,
911610,聯環,3,3,1,1,
2342,茂矽,3,3,1,33.67,
1218,泰山企業,3,3,1,10,
1616,億泰,3,3,1,63,
3512,能緹,3,3,1,1,
4502,源恆工業,3,3,1,51,
4971,IET-KY,3,3,1,1.67,
5263,智崴,3,3,1,42.33,
2115,六暉-KY,3,3,1,11.67,
2343,精業,3,3,1,10.33,
3298,圓創,3,3,1,52.67,
3431,長天,3,3,1,65,
3228,金麗科,3,3,1,3,
911619,耀傑,3,3,1,1,
2359,所羅門,3,3,1,62.67,20170616
1314,中石化,3,3,1,27.33,
1333,恩得利,3,3,1,24.67,
5498,凱崴,3,3,1,3.67,
4717,天泰銲材,3,3,1,2.33,
6172,互億科技,3,3,1,78,
5516,雙喜營造,3,3,1,9.33,
3434,哲固,3,3,1,104.33,
3339,泰谷光電,3,3,1,5.33,
5538,東明-KY,3,3,1,68.33,
2406,國碩科技,3,3,1,2,
2613,中櫃,3,3,1,25.67,
2838,聯邦銀,3,3,1,26,
4953,緯軟,3,3,1,17.33,
911602,華豐泰國,3,3,1,1.67,
6415,矽力-KY,3,3,1,64,20170704
2841,台開,3,3,1,81.33,
4207,環泰,3,3,1,41,
2438,英誌,3,3,1,4,
2017,嘉益,3,3,1,16.67,20170620
2826,世華銀,2,2,1,1.5,
3115,寶島極,2,2,1,54.5,
5340,建榮工業,2,2,1,101,
8097,鴻松精密,2,2,1,83,
9110,越南製造,2,2,1,7,
5457,宣德,2,2,1,1,
5801,建弘投信,2,2,1,83.5,
6016,康和證券,2,2,1,24,
6156,科橋電子,2,2,1,4,
2705,六福,2,2,1,13.5,
1468,昶和,2,2,1,3.5,
1221,久津,2,2,1,35.5,
1902,台紙,2,2,1,65,
2067,嘉鋼,2,2,1,29.5,
6280,崇貿,2,2,1,40.5,
8066,來思達,2,2,1,66,20170623
5386,青雲,2,2,1,28.5,20170628
6012,金鼎證券,2,2,1,110.5,
2847,大眾銀,2,2,1,3.5,
2726,雅茗-KY,2,2,1,77,20170713
1437,勤益,2,2,1,1,20170629
1441,大東,2,2,1,29.5,
3087,翔準,2,2,1,1.5,
3313,斐成,2,2,1,86,
3581,博磊,2,2,1,75,
5902,德記洋行,2,2,1,1,
5266,F*AS,2,2,1,58,
4406,新昕纖維,2,2,1,15.5,
3492,長盛,2,2,1,4,
5532,竟誠建築,2,2,1,15.5,
5284,jpp-KY,2,2,1,41,20170713
2528,皇普,2,2,1,20.5,
4161,聿新科,2,2,1,1,
2732,六角,2,2,1,107,20170706
2819,中產,2,2,1,14.5,
1786,科妍,2,2,1,2,
1510,台安,2,2,1,55.5,
8341,日友,2,2,1,2,
5245,智晶,2,2,1,5.5,
5328,華容公司,2,2,1,64.5,
4162,智擎,2,2,1,15,
3085,久大,2,2,1,86.5,
2834,臺企銀,2,2,1,61,
2236,百達-KY,2,2,1,9,
58,FB發達,2,2,1,97,
1433,臺化,2,2,1,136.5,
2806,中銀,2,2,1,2,
2634,漢翔,2,2,1,1.5,20170711
4303,信立,2,2,1,7,
911612,滬安,2,2,1,1.5,
911613,特藝能源,2,2,1,15,
8437,大地-KY,2,2,1,1.5,
6452,康友-KY,2,2,1,19.5,
6167,久正光電,2,2,1,2,
5505,和旺,2,2,1,43.5,
5276,達輝-KY,2,2,1,166,
5288,豐祥-KY,2,2,1,4.5,
4522,大寶精工,2,2,1,72.5,
1592,英瑞-KY,2,2,1,30,20170627
2487,友立資,2,2,1,24.5,
8027,鈦昇,2,2,1,6,
911868,真明麗,2,2,1,1,
6422,君耀-KY,2,2,1,91.5,
6228,全譜科技,2,2,1,49.5,
5281,大峽谷-KY,1,1,1,6,20170706
5473,矽成積電,1,1,1,96,
5355,佳總,1,1,1,27,
4763,材料-KY,1,1,1,49,
4718,日勝化,1,1,1,213,
2410,鼎大,1,1,1,2,
2828,萬通銀,1,1,1,4,
1526,日馳,1,1,1,2,
1529,樂士,1,1,1,101,
1418,東華,1,1,1,153,
57,富邦摩台,1,1,1,57,
5602,榮櫃,1,1,1,19,
6291,沛亨,1,1,1,44,
6514,芮特-KY,1,1,1,191,20170704
913889,大成糖業,1,1,1,1,
4304,琨詰科技,1,1,1,68,
3214,元砷,1,1,1,11,
2867,三商壽,1,1,1,7,
1906,寶隆,1,1,1,19,20170629
1469,理隆,1,1,1,10,
2361,鴻友,1,1,1,20,
2333,碧悠,1,1,1,3,
2346,源興,1,1,1,137,
2348,海悅,1,1,1,179,
2491,訊碟,1,1,1,116,
6477,安集,1,1,1,30,
9902,台火,1,1,1,1,
5304,大霸電子,1,1,1,35,
5854,合庫,1,1,1,20,
2801A,彰銀特,1,1,1,81,
2814,興票,1,1,1,117,
1472,三洋纖,1,1,1,1,
1516,川飛,1,1,1,1,
2069,運錩,1,1,1,21,
1603,華電,1,1,1,37,
3049,和鑫,1,1,1,76,
4968,立積,1,1,1,7,20170614
4557,永新-KY,1,1,1,143,20170628
3638,F-IML,1,1,1,2,
5310,天剛,1,1,1,1,
5381,合正科技,1,1,1,8,
8017,展茂電,1,1,1,101,
6469,大樹,1,1,1,122,
8462,柏文,1,1,1,7,
5463,威健,1,1,1,1,
6107,華美,1,1,1,139,
912000,晨訊科技,1,1,1,1,20170612
8932,宏大拉鍊,1,1,1,24,
4806,昇華,1,1,1,8,20170630
4531,巨庭,1,1,1,3,
4419,松懋化學,1,1,1,172,
4543,萬在,1,1,1,30,
2371,大同,1,1,1,7,
2643,捷迅,1,1,1,6,
2007,燁興公司,1,1,1,91,
9157,陽光能源,1,1,1,1,
911606,超級集團,1,1,1,8,
8467,波力-KY,1,1,1,3,20170615
8067,志旭國際,1,1,1,25,
6482,弘煜科,1,1,1,7,
6531,愛普,1,1,1,16,
6262,迪戎,1,1,1,169,
6137,新寶科,1,1,1,1,
5528,廣大興業,1,1,1,225,
5447,建碁,1,1,1,248,
5492,亞智科技,1,1,1,3,
2310,旭麗,1,1,1,1,
2544,昌益,1,1,1,139,
2494,突破,1,1,1,17,
3686,達能,1,1,1,3,
4530,宏易精密,1,1,1,5,
4190,佐登-KY,1,1,1,4,
3562,頂晶科,1,1,1,1,
5442,世峰,1,1,1,145,
5497,佰鈺科技,1,1,1,93,
6002,台育證券,1,1,1,1,
6435,大中,1,1,1,3,
6494,九齊,1,1,1,19,20170704
6496,科懋,1,1,1,19,
910482,聖馬丁,1,1,1,24,
8455,大拓-KY,1,1,1,2,
6456,GIS-KY,1,1,1,2,20170614
6512,啟發電,1,1,1,13,
6157,一等,1,1,1,1,
6003,大華證券,1,1,1,5,
5543,崇佑-KY,1,1,1,1,
5531,鄉林建設,1,1,1,152,
5448,維迪,1,1,1,1,
9928,中視,1,1,1,54,
5345,天揚,1,1,1,4,
5280,F-敦泰,1,1,1,2,
5307,耀文,1,1,1,1,
4911,德英,1,1,1,2,
1805,寶徠,1,1,1,133,
1591,F-駿吉,1,1,1,5,
3205,佰研,1,1,1,9,
3271,其樂達,1,1,1,21,
3012,廣輝,1,1,1,4,
2928,紅馬-KY,1,1,1,1,20170622
6001,建弘證券,1,1,1,14,
5314,世紀民生,1,1,1,1,
5206,坤悅,1,1,1,15,
4413,赤崁,1,1,1,7,
4415,勤龍實業,1,1,1,5,
59,FB金融,1,1,1,95,
2370,匯僑工,1,1,1,2,
2341,英群,1,1,1,5,
8464,億豐,1,1,1,1,
6510,精測,1,1,1,1,
4803,VHQ-KY,1,1,1,1,
3664,F-安瑞,1,1,1,1,
3383,新世紀,1,1,1,81,
2422,國聯,1,1,1,174,
2739,寒舍,1,1,1,232,20170614
2847B,眾乙特,1,1,1,40,
2822,農銀,1,1,1,6,
2239,英利-KY,1,1,1,1,20170824
9929,秋雨,1,1,1,19,
6026,福邦證,1,1,1,129,20170619
6525,捷敏-KY,1,1,1,179,20170704
3036,文曄科技,15,16,0.94,42.33,
2201,裕隆汽車,15,16,0.94,29.07,20170720
1303,南亞塑膠,15,16,0.94,22.67,
9926,新海瓦斯,15,16,0.94,98.47,
9933,中鼎工程,15,16,0.94,38,
1476,儒鴻,15,16,0.94,29.93,
2428,興勤電子,15,16,0.94,33.27,
9921,巨大機械,15,16,0.94,13.33,
1726,永記造漆,15,16,0.94,56.13,
2301,光寶科技,15,16,0.94,37.53,
1530,亞崴機電,15,16,0.94,40.13,
2015,豐興鋼鐵,15,16,0.94,42.27,20170623
2395,研華,15,16,0.94,37.4,20170630
2439,美律,15,16,0.94,23.73,20170711
9919,康那香,15,16,0.94,10.73,20170719
9931,欣高,15,16,0.94,65.47,20170705
2908,特力,15,16,0.94,54.67,
1229,聯華實業,15,16,0.94,38.33,
2387,精元電腦,15,16,0.94,53.27,
9918,欣天然,15,16,0.94,54.8,
1234,黑松,15,16,0.94,29.33,
1717,長興化學,15,16,0.94,42.07,
2382,廣達,15,16,0.94,50,
8921,沈氏藝印,15,16,0.94,35.33,
9908,大台北,15,16,0.94,57.13,
9917,中保,15,16,0.94,50.2,
1513,中興電,14,15,0.93,51.43,
3042,晶技,14,15,0.93,20.21,
6105,瑞傳科技,14,15,0.93,40.29,
2204,中華汽車,14,15,0.93,51.57,20170720
1734,杏輝藥品,14,15,0.93,3.36,
2392,正崴,14,15,0.93,43.5,
2903,遠百,14,15,0.93,43,
4523,永彰機電,14,15,0.93,25.21,20170726
2207,和泰車,14,15,0.93,16.14,
2856,元富證券,14,15,0.93,59.07,
1704,榮化,14,15,0.93,28.64,
2607,榮運,14,15,0.93,23.07,
1323,永裕,14,15,0.93,22.64,
1519,華城電機,14,15,0.93,42.29,
2474,可成科技,14,15,0.93,30.43,
3035,智原,14,15,0.93,36.93,
9943,好樂迪,14,15,0.93,72.36,20170629
5704,知本老爺,14,15,0.93,41.21,
5903,全家便利,14,15,0.93,47,20170809
3005,神基科技,14,15,0.93,10.21,
3045,台灣大,14,15,0.93,64.21,20170711
3031,佰鴻工業,13,14,0.93,29.15,
5203,訊連科技,13,14,0.93,71.31,
1455,集盛,13,14,0.93,30,
5452,佶優科技,13,14,0.93,16.31,
8050,廣積科技,13,14,0.93,61.54,
1533,車王電,13,14,0.93,53.62,
2881,富邦金,13,14,0.93,20.92,20170703
4102,永日化工,13,14,0.93,33.92,
2882,國泰金,13,14,0.93,4.54,20170703
6245,立端科技,13,14,0.93,19.85,
4111,濟生藥廠,13,14,0.93,17.77,
2415,錩新,13,14,0.93,31.62,20170626
5305,敦南科技,13,14,0.93,53.69,
5425,台半,13,14,0.93,14.23,20170717
1904,正隆,13,14,0.93,24.77,
2536,宏普建設,13,14,0.93,28,
2436,偉詮電,13,14,0.93,16.77,
1219,福壽實業,12,13,0.92,2.75,
2448,晶電,12,13,0.92,23.75,
8383,千附,12,13,0.92,17,
2461,光群雷射,12,13,0.92,42.83,20170706
8081,致新,12,13,0.92,53.33,20170704
4716,大立高,12,13,0.92,19.83,
2855,統一證券,12,13,0.92,50,
4107,邦特生技,12,13,0.92,56.25,
6605,帝寶工業,12,13,0.92,45.67,
1611,中電,12,13,0.92,38.25,
2373,震旦行,12,13,0.92,52.92,20170629
2891,中信金,12,13,0.92,8.75,
2545,皇翔,12,13,0.92,65.67,
2034,允強,12,13,0.92,74.67,20170704
4119,旭富製藥,12,13,0.92,44.67,
2801,彰銀,12,13,0.92,33.42,
5512,力麒建設,11,12,0.92,52.36,20170704
3017,奇鋐科技,11,12,0.92,24,
6223,旺矽科技,11,12,0.92,26.18,
5483,中美晶,11,12,0.92,19.82,
5383,金利精密,11,12,0.92,38.36,
9949,琉園,11,12,0.92,49.55,
2520,冠德,11,12,0.92,53.09,
1707,葡萄王,11,12,0.92,12.18,20170711
3227,原相,11,12,0.92,29.55,
2845,遠東銀,11,12,0.92,44,
3380,明泰科技,11,12,0.92,52.64,
2704,國賓,11,12,0.92,10.36,
2102,泰豐輪胎,11,12,0.92,27.09,
2027,大成鋼,11,12,0.92,51.55,
2351,順德,11,12,0.92,11.45,
1215,卜蜂企業,11,12,0.92,66,20170703
4905,台聯電訊,11,12,0.92,15.27,
5014,建錩實業,11,12,0.92,63.45,
4417,金洲製網,11,12,0.92,42,
5356,協益電子,11,12,0.92,39.55,20170704
6120,輔祥實業,11,12,0.92,38.09,20170706
8112,至上電子,11,12,0.92,54.09,20170713
1737,臺鹽,11,12,0.92,35.91,
6151,晉倫科技,11,12,0.92,69.36,20170615
2499,東貝光電,11,12,0.92,26.18,
8927,北基加油,10,11,0.91,5,
01001T,富邦R1,10,11,0.91,36.7,20170502
2486,一詮精密,10,11,0.91,70.7,
1617,榮星電線,10,11,0.91,37.3,
1325,恒大,10,11,0.91,18.3,
2885,復華金,10,11,0.91,12.6,
4126,太醫,10,11,0.91,43.9,20170705
6143,振曜科技,10,11,0.91,17.3,
3057,喬鼎資訊,10,11,0.91,29.4,
1787,福盈科,10,11,0.91,53.1,
1517,利奇機械,10,11,0.91,48.9,
2527,宏璟,10,11,0.91,11.1,
2311,日月光,10,11,0.91,34.6,
1439,中和羊毛,10,11,0.91,3.7,20170630
3390,旭軟,10,11,0.91,36,
2114,鑫永銓,10,11,0.91,59.1,
8074,鉅橡企業,10,11,0.91,55.2,20170626
5353,台林通信,10,11,0.91,22.5,20170703
4129,聯合骨科,10,11,0.91,6.2,
4510,高鋒工業,10,11,0.91,55.3,
3450,聯鈞,10,11,0.91,37.3,
2511,太子,9,10,0.9,26.22,
2911,麗嬰房,9,10,0.9,32.44,
3483,力致,9,10,0.9,28.11,
4109,穆拉德加捷,9,10,0.9,42.56,
1815,富喬工業,9,10,0.9,13.56,
1419,新紡,9,10,0.9,3.22,20170705
01004T,富邦R2,9,10,0.9,34.89,20170331
6298,崴強科技,9,10,0.9,31,
01007T,國泰R2,9,10,0.9,31,20170518
2426,鼎元,9,10,0.9,27.67,
2453,凌群,9,10,0.9,32.11,20170706
5212,凌網科技,9,10,0.9,22.78,
2501,國建,9,10,0.9,31.33,
6210,慶生電子,9,10,0.9,47.89,
2367,燿華,9,10,0.9,50.11,
4416,三圓,9,10,0.9,17.22,
3094,聯傑國際,9,10,0.9,17.78,20170615
6269,台郡科技,9,10,0.9,9.89,
1809,中釉,9,10,0.9,3.89,
01003T,新光一號,9,10,0.9,29.22,20170426
3548,兆利,9,10,0.9,39.67,
4908,前鼎光電,9,10,0.9,55.33,
3533,嘉澤端子,9,10,0.9,33.67,
2328,廣宇,9,10,0.9,7.33,
1716,永信,9,10,0.9,72.78,
2833,台灣人壽,9,10,0.9,28.33,
1460,宏遠,8,9,0.89,18.63,
2419,仲琦,8,9,0.89,18.25,20170711
6104,創惟科技,8,9,0.89,60.5,
1604,聲寶,8,9,0.89,52.13,
1569,濱川,8,9,0.89,31.25,
3360,尚立,8,9,0.89,8.38,20170704
4121,優盛醫學,8,9,0.89,65.63,
2484,希華,8,9,0.89,11.75,
3596,智易科技,8,9,0.89,28.5,
2345,智邦科技,8,9,0.89,69.88,20170711
2492,華新科,8,9,0.89,24.13,
1452,宏益,8,9,0.89,36.25,20170703
1301,臺塑,14,16,0.88,31.79,20170712
2485,兆赫電子,14,16,0.88,22.36,
2360,致茂電子,14,16,0.88,26.14,
2420,新巨,14,16,0.88,72.36,
2706,第一店,14,16,0.88,59.21,
1507,永大機電,14,16,0.88,19.07,20170705
1233,天仁,14,16,0.88,86,20170711
6146,耕興,14,16,0.88,83.21,
2377,微星科技,14,16,0.88,27.07,
2308,台達電,14,16,0.88,15,20170703
1722,台肥,14,16,0.88,28.79,
9939,宏全,14,16,0.88,37.43,
9910,豐泰企業,14,16,0.88,64.14,20170706
5511,德昌營造,14,16,0.88,57.64,20170630
2464,盟立,14,16,0.88,37.57,
5438,東友科技,14,16,0.88,27.57,
1614,三洋電,14,16,0.88,23.21,
1434,褔懋,14,16,0.88,48.5,
3037,欣興電子,14,16,0.88,44.43,
5478,智冠,14,16,0.88,38,
9944,新麗企業,14,16,0.88,22.86,
2013,中鋼構,14,16,0.88,56.21,
1720,生達化學,14,16,0.88,32.79,20170802
1109,信大水泥,14,16,0.88,43.21,20170703
4526,東台精機,14,16,0.88,19.43,
4305,世坤塑膠,14,16,0.88,63.14,
2451,創見資訊,14,16,0.88,97.21,20170703
1236,宏亞食品,14,16,0.88,65,
1525,江申工業,14,16,0.88,55.14,
3027,盛達電業,14,16,0.88,33.64,
1231,聯華食品,14,16,0.88,72.29,
1535,中宇,14,16,0.88,37.36,
2355,敬鵬,14,16,0.88,54.79,
2379,瑞昱,14,16,0.88,37.29,
6140,訊達電腦,7,8,0.88,23.86,
2316,楠梓電,7,8,0.88,43,
5384,捷元,7,8,0.88,34.43,20170703
4712,南璋,7,8,0.88,22.14,
2888,新光金,7,8,0.88,34.43,
9935,慶豐富,7,8,0.88,15.43,
1442,名軒,7,8,0.88,93,
6243,迅杰科技,7,8,0.88,22.14,
8088,品安科技,7,8,0.88,3.57,
3207,耀勝,7,8,0.88,28.86,
1203,味王公司,7,8,0.88,53.57,
5474,聰泰科技,7,8,0.88,30.43,
5491,連展科技,7,8,0.88,2,
2411,飛瑞,7,8,0.88,63,
2350,環電,7,8,0.88,7.29,
3024,憶聲電子,7,8,0.88,46.86,
8071,豐聲科技,7,8,0.88,21.29,
6165,捷泰精密,7,8,0.88,9.43,
1104,環球水泥,7,8,0.88,3.86,
1464,得力實業,7,8,0.88,6.29,
3043,科風,7,8,0.88,55,
6248,沛波,7,8,0.88,52.14,
2417,圓剛,13,15,0.87,41.38,20170710
2441,超豐電子,13,15,0.87,58.38,
1527,鑽全,13,15,0.87,61.85,
3023,信邦電子,13,15,0.87,56.69,20170714
4103,百略醫學,13,15,0.87,44.31,
6202,盛群半導,13,15,0.87,44.31,
8916,光隆,13,15,0.87,31.23,
5522,遠雄建設,13,15,0.87,17.54,
6164,華興電子,13,15,0.87,17.69,20170626
3044,健鼎科技,13,15,0.87,28.31,
1308,亞聚,13,15,0.87,38.92,
2612,中航,13,15,0.87,36.46,20170704
1712,興農,13,15,0.87,35.31,
1715,萬洲,13,15,0.87,49.77,
9914,美利達,13,15,0.87,24.85,
1727,中華化學,13,15,0.87,28.54,
1711,永光化學,13,15,0.87,33.92,20170629
3055,蔚華科技,13,15,0.87,72.92,
1313,聯成,12,14,0.86,30.58,
6108,競國實業,12,14,0.86,69.17,20170706
4120,友華,12,14,0.86,30.33,20170623
4909,新復興,12,14,0.86,62.92,
6214,精誠資訊,12,14,0.86,26.75,
8043,蜜望實企,12,14,0.86,49.58,
8103,瀚荃,12,14,0.86,58.5,
3706,神達電腦,12,14,0.86,7.08,20170707
1802,台玻,12,14,0.86,31.75,
2886,兆豐金,12,14,0.86,49.83,
3060,銘異,12,14,0.86,40.58,
4401,東隆興業,12,14,0.86,26.25,
1307,三芳化工,12,14,0.86,34.33,20170626
6279,胡連,12,14,0.86,86.08,
8905,裕國冷凍,12,14,0.86,25.92,
2493,揚博科技,12,14,0.86,84.33,
1708,東鹼,12,14,0.86,41.17,
1736,喬山健康,12,14,0.86,17.58,
5312,寶島科,12,14,0.86,34.5,
4919,新唐科技,6,7,0.86,31.67,
6008,凱基證券,6,7,0.86,32,
6171,亞銳士,6,7,0.86,37,
3494,誠研科技,6,7,0.86,7.83,
3016,嘉晶,6,7,0.86,1,
8410,森田,6,7,0.86,3,
5905,南仁湖,6,7,0.86,45.5,
912398,友佳國際,6,7,0.86,6,
80,恒中國,6,7,0.86,2.33,
8705,東隆五金,6,7,0.86,79.67,
6022,大眾證券,6,7,0.86,8.33,
8047,星雲電腦,6,7,0.86,48.83,
5466,泰林科技,6,7,0.86,70.5,
2384,勝華科技,6,7,0.86,47.5,
1225,福懋油,6,7,0.86,27.33,
8929,富堡,6,7,0.86,16,
2812,台中銀,6,7,0.86,75.17,
8110,華東,6,7,0.86,16.5,
6182,合晶科技,6,7,0.86,9.83,
5351,鈺創科技,6,7,0.86,21.83,
3257,虹冠電,6,7,0.86,30.5,
3373,熱映,6,7,0.86,13.67,
6145,勁永國際,6,7,0.86,15.33,
2610,華航,6,7,0.86,28.5,
1524,耿鼎,6,7,0.86,5.5,
1806,冠軍,6,7,0.86,2.5,
56,高股息,6,7,0.86,81.5,
2547,日勝生,11,13,0.85,11.73,
8054,安國,11,13,0.85,32.27,
6282,康舒,11,13,0.85,29,
9950,萬國通路,11,13,0.85,42.27,
1514,亞力電機,11,13,0.85,38.36,
2836,高銀,11,13,0.85,42.27,
8933,愛地雅,11,13,0.85,69.27,
2905,三商行,11,13,0.85,16.55,
3058,立德電子,11,13,0.85,59.18,
6278,台表科,11,13,0.85,72.18,20170704
8091,翔名科技,11,13,0.85,65.27,
2325,矽品,11,13,0.85,51.18,
2615,萬海,11,13,0.85,43.73,
8016,矽創電子,11,13,0.85,48.64,
3002,歐格電子,11,13,0.85,56.91,
2498,宏達電,11,13,0.85,48.36,
3299,帛漢,11,13,0.85,49,20170706
3040,遠見,11,13,0.85,27.27,20170628
6168,宏齊科技,11,13,0.85,28.55,
1474,弘裕,11,13,0.85,83,
6509,聚和,11,13,0.85,27.82,
8039,台虹科技,11,13,0.85,37.73,
3189,景碩科技,11,13,0.85,13.27,
4714,永捷,11,13,0.85,59.55,
2023,燁輝,11,13,0.85,38.91,
1701,中化,11,13,0.85,32.64,20170725
2414,精技電腦,11,13,0.85,89,
5489,彩富電子,10,12,0.83,49.4,
6603,富強鑫,10,12,0.83,31.5,
6158,禾昌興業,10,12,0.83,71.8,20170719
2353,宏碁,10,12,0.83,24.6,
1777,生泰,10,12,0.83,34.4,20170727
1440,南紡,10,12,0.83,36.5,20170809
2509,全坤興,10,12,0.83,68.5,
2889,國票金控,10,12,0.83,75.2,
6290,良維科技,10,12,0.83,31.9,
4106,雃博,10,12,0.83,51.5,
2020,美亞鋼管,10,12,0.83,47,
2104,中橡,10,12,0.83,15.8,
2354,鴻準,10,12,0.83,21.5,
2468,華經,10,12,0.83,33.4,
2449,京元電子,10,12,0.83,74.5,
5514,三豐建設,10,12,0.83,97.6,20170622
6286,立錡,10,12,0.83,18.6,
2312,金寶電子,10,12,0.83,12.8,
1304,臺聚,10,12,0.83,49.6,20170727
2380,虹光精密,10,12,0.83,23.4,
3038,全台,5,6,0.83,90.2,
3481,群創,5,6,0.83,5.2,
3615,安可光電,5,6,0.83,12,
2233,宇隆,5,6,0.83,28.2,
2823,中壽,5,6,0.83,42.2,
1515,力山,5,6,0.83,15.4,
2442,新美齊,5,6,0.83,43.6,
3406,玉晶光,5,6,0.83,2.4,
5521,工信,5,6,0.83,44,
4938,和碩,5,6,0.83,14.6,
3162,精確實業,5,6,0.83,14.8,
1444,力麗,5,6,0.83,32.4,
1595,川寶科技,5,6,0.83,34,20170706
2337,旺宏,5,6,0.83,54.6,
3705,永信,5,6,0.83,13.6,
3164,景岳生技,5,6,0.83,24.6,
3064,泰偉電子,5,6,0.83,6.2,
6276,安鈦克,5,6,0.83,17.4,
4952,凌通科技,5,6,0.83,8.2,
3266,昇陽開發,5,6,0.83,6.2,
8069,元太科技,5,6,0.83,42.6,
5210,寶碩,5,6,0.83,49.4,
2849,安泰銀行,5,6,0.83,8.8,
2425,承啟,5,6,0.83,38.2,20170703
1789,神隆,5,6,0.83,14.6,
3665,貿聯-KY,5,6,0.83,53.2,20170803
8111,立碁電子,5,6,0.83,102.6,
6177,達麗,5,6,0.83,65.4,
6402,基泰營造,5,6,0.83,44,
6109,亞元科技,5,6,0.83,55.2,
8121,越峰電子,5,6,0.83,16.2,
2505,國揚,5,6,0.83,60.2,
2109,華豐,5,6,0.83,75.8,
5230,雷笛克光學,5,6,0.83,63.2,20170707
4426,利勤實業,9,11,0.82,47.78,
8925,偉盟工業,9,11,0.82,27.22,
3466,致振,9,11,0.82,55.56,
2611,志信,9,11,0.82,88,
1459,聯發紡織,9,11,0.82,30.67,
2107,厚生,9,11,0.82,17,20170626
6170,統振,9,11,0.82,40.11,
1467,南緯,9,11,0.82,33.56,
2401,凌陽科技,9,11,0.82,46.33,
3289,宜特科技,9,11,0.82,31.89,
3323,加百裕,9,11,0.82,51.89,
3527,聚積,9,11,0.82,54.56,
8182,加高電子,9,11,0.82,30.78,20170724
3265,台星科,9,11,0.82,28.44,
3454,晶睿,9,11,0.82,36.67,
2409,友達,9,11,0.82,7,20170703
1909,榮成,9,11,0.82,47.56,20170710
6133,金橋科技,9,11,0.82,49.33,
2303,聯電,9,11,0.82,54.67,20170711
01002T,國泰R1,9,11,0.82,70.11,20170518
5460,同協電子,9,11,0.82,44.56,20170810
8163,達方電子,9,11,0.82,15.33,20170706
8076,伍豐科技,9,11,0.82,15.56,
3702,大聯大,9,11,0.82,71.33,
3221,台灣嘉碩,9,11,0.82,12.78,
1615,大山,9,11,0.82,75.33,20170704
1216,統一,13,16,0.81,17.46,
5609,中菲行,13,16,0.81,17.77,
1326,臺化,13,16,0.81,24,20170706
2423,固緯,13,16,0.81,53.54,20170712
9940,信義房屋,13,16,0.81,65.77,20170630
9942,茂順,13,16,0.81,76.85,
2616,山隆通運,13,16,0.81,69,
1531,高林股,13,16,0.81,47.92,
1402,遠紡,13,16,0.81,51.08,
2912,統一超,13,16,0.81,37.31,20170802
9937,全國,13,16,0.81,25.46,
1232,大統益,13,16,0.81,83.85,20170705
4527,霖,13,16,0.81,60.38,20170613
4535,至興精機,13,16,0.81,38.92,
5493,三聯科技,13,16,0.81,63.31,
2357,華碩,13,16,0.81,46.62,
1102,亞泥,13,16,0.81,52.77,
2397,友通資訊,13,16,0.81,43.92,
2454,聯發科,13,16,0.81,42.92,20170706
5904,寶雅國際,13,16,0.81,82.31,
2462,良得電,13,16,0.81,66.23,
2701,萬企,13,16,0.81,65,
2105,正新,13,16,0.81,65.69,
5487,通泰,13,16,0.81,52.23,20170707
5520,力泰建設,13,16,0.81,42.46,
5604,中連貨運,13,16,0.81,123.85,20170704
2605,新興,13,16,0.81,58.77,
2456,奇力新,13,16,0.81,16.46,20170727
2483,百容,13,16,0.81,48.08,20170704
2002A,中鋼特,13,16,0.81,58.77,
5434,崇越科技,13,16,0.81,51.23,
4706,大恭化學,13,16,0.81,26.38,
5525,順天建設,13,16,0.81,74.31,20170630
9930,中聯資源,13,16,0.81,84.85,
5490,同亨科技,12,15,0.8,50.75,20170627
8938,明安國際,12,15,0.8,46.83,20170629
8099,大同世界,12,15,0.8,79.67,20170629
6292,華上,12,15,0.8,64.67,
9934,成霖企業,12,15,0.8,55.67,20170623
5211,蒙恬科技,12,15,0.8,40.58,20170613
2707,晶華酒店,12,15,0.8,27.08,
2421,建準電機,12,15,0.8,51.33,20170626
1210,大成長城,12,15,0.8,41.5,
6117,迎廣科技,12,15,0.8,20.25,
4528,江興鍛壓,12,15,0.8,48.42,
3014,聯陽,12,15,0.8,4.5,
5464,霖宏科技,12,15,0.8,28.17,
6205,詮欣,12,15,0.8,30.67,
6125,廣運機械,12,15,0.8,30.25,
8942,森鉅科技,12,15,0.8,34.75,20170725
5016,松和工業,12,15,0.8,83,20170623
1537,廣隆光電,12,15,0.8,14.17,
2332,友訊科技,12,15,0.8,39.58,
6176,瑞儀光電,12,15,0.8,59.33,
6229,研通科技,12,15,0.8,43.75,
3152,璟德電子,8,10,0.8,57,
8349,恒耀,8,10,0.8,20.88,20170720
8078,華寶通訊,8,10,0.8,31.63,
2062,橋椿,8,10,0.8,11.13,
2481,強茂,8,10,0.8,23.75,
2463,研揚,8,10,0.8,16.88,
1445,大宇紡織,8,10,0.8,31.25,20170706
3083,網龍,8,10,0.8,29,
8928,鉅明,8,10,0.8,65.13,
2603,長榮海運,8,10,0.8,47.5,
2915,潤泰全球,8,10,0.8,35.38,
2883,開發金,8,10,0.8,25.38,20170705
6129,普誠科技,8,10,0.8,35.5,
8046,南電,8,10,0.8,9.88,
5484,慧友電子,8,10,0.8,50.5,
6173,信昌電陶,8,10,0.8,49.25,
6180,橘子,8,10,0.8,48.13,
2538,基泰建設,8,10,0.8,55.63,20170710
3545,敦泰,8,10,0.8,8.25,
3559,全智科,8,10,0.8,46.25,
5488,松普科技,8,10,0.8,66.25,
6150,撼訊科技,4,5,0.8,66.5,
2809,南企,4,5,0.8,30,20170606
3007,綠點,4,5,0.8,39.5,
3056,總太,4,5,0.8,56.25,20170628
3073,普格,4,5,0.8,9.75,
1414,東和,4,5,0.8,63.25,
6163,華電聯網,4,5,0.8,38.25,
6702,興航,4,5,0.8,1.25,
6114,翔昇電子,4,5,0.8,62.25,
3428,光燿科,4,5,0.8,12.75,
2719,燦星旅,4,5,0.8,52.5,
1201,味全公司,4,5,0.8,8.25,
1235,興泰,4,5,0.8,30.25,
5871,中租-KY,4,5,0.8,45.5,20170802
4164,承業醫,4,5,0.8,3.25,20170710
3583,辛耘,4,5,0.8,5,
8155,博智,4,5,0.8,55.25,
8426,紅木-KY,4,5,0.8,44.5,20170622
3061,璨圓光電,4,5,0.8,68,
2523,德寶,4,5,0.8,62.75,
2530,華建,4,5,0.8,50.5,
2727,王品,4,5,0.8,12.5,20170626
5907,大洋-KY,4,5,0.8,16.25,
6169,昱泉國際,4,5,0.8,9.75,
8433,弘帆,4,5,0.8,38.75,20170704
4947,昂寶-KY,4,5,0.8,2,
5302,太欣半導,4,5,0.8,42.5,
3317,尼克森微,4,5,0.8,68.25,
4956,光鋐,4,5,0.8,5.25,
5274,信驊,4,5,0.8,10,20170615
4529,昶洧,4,5,0.8,14.5,
3685,政翔,4,5,0.8,35.75,
3144,新揚科,4,5,0.8,18.75,20170627
2729,瓦城,4,5,0.8,12.75,
2390,云辰,4,5,0.8,18,
8147,正淩,4,5,0.8,2,
6235,華孚科技,4,5,0.8,5.75,
911609,揚子江,4,5,0.8,44.75,
910069,新曄,4,5,0.8,1.5,
6159,詮鼎科技,4,5,0.8,20.5,
5607,遠雄港,4,5,0.8,25,
5269,祥碩,4,5,0.8,30,
5011,久陽,4,5,0.8,29,
3698,隆達,4,5,0.8,4.5,
3009,奇美電,4,5,0.8,29.75,
2469,力信,4,5,0.8,30,
2375,智寶,4,5,0.8,71.75,
2408,南科,4,5,0.8,9.25,20170620
1338,廣華-KY,4,5,0.8,9.5,
3188,安茂,4,5,0.8,36.75,
2892,第一金控,11,14,0.79,44.36,
3022,威達電,11,14,0.79,34.91,
6213,聯茂,11,14,0.79,35.18,20170703
2385,群光電子,11,14,0.79,76.55,20170622
2006,東鋼,11,14,0.79,48.55,
6224,聚鼎科技,11,14,0.79,30.91,
2880,華南金,11,14,0.79,74.55,
3297,杭特,11,14,0.79,46.91,
6505,台塑石化,11,14,0.79,35.45,20170628
8032,光菱電子,11,14,0.79,30.45,
2433,互盛電,11,14,0.79,74,20170628
3062,建漢科技,11,14,0.79,24.36,
8042,金山電,11,14,0.79,29.91,20170713
6166,凌華科技,11,14,0.79,68.91,
4720,德淵企業,11,14,0.79,39.73,
6257,矽格,11,14,0.79,67.18,
9904,寶成工業,11,14,0.79,26.27,20170706
9907,統一實業,11,14,0.79,23.27,
8070,長華電材,11,14,0.79,46.64,20170602
5469,瀚宇博德,11,14,0.79,56.27,
1528,恩德,11,14,0.79,15,
1101,台泥,11,14,0.79,12.36,
6220,岳豐科技,7,9,0.78,14,20170714
6024,群益期,7,9,0.78,73.43,
3498,陽程,7,9,0.78,62,
2431,聯昌電子,7,9,0.78,31.43,
6179,亞通,7,9,0.78,9.86,
3229,晟鈦,7,9,0.78,30.14,
3577,泓格科技,7,9,0.78,20.86,
2609,陽明海運,7,9,0.78,40.71,
1608,華榮,7,9,0.78,40.14,
3522,宏森,7,9,0.78,13.86,
3570,大塚資訊,7,9,0.78,13,
2352,明基,7,9,0.78,39.86,
6217,中探針,7,9,0.78,21.14,
4733,上緯企業,7,9,0.78,30,
3617,碩天科技,7,9,0.78,37.29,
3611,鼎翰,7,9,0.78,20.14,20170706
3540,曜越,7,9,0.78,46.43,
8096,擎亞科技,7,9,0.78,42.14,
6123,上奇科技,10,13,0.77,18.3,
8021,尖點科技,10,13,0.77,22.6,20170803
1709,和益化工,10,13,0.77,49.1,
2542,興富發,10,13,0.77,58.6,
8299,群聯電子,10,13,0.77,50.6,
6234,高僑,10,13,0.77,32.8,
8083,瑞穎,10,13,0.77,59.2,20170705
6126,信音企業,10,13,0.77,74.6,
5371,中強光電,10,13,0.77,40.8,
3209,全科,10,13,0.77,49.3,
6197,佳必琪,10,13,0.77,38.1,
1725,元禎,10,13,0.77,100.3,
5013,強新工業,10,13,0.77,28,20170704
3078,僑威科技,10,13,0.77,34.4,
9905,大華金,12,16,0.75,81.58,
9941,裕融企業,12,16,0.75,71.58,
2476,鉅祥,12,16,0.75,28.58,
4205,恆義食品,12,16,0.75,86.75,
4306,炎洲,12,16,0.75,34.75,
2010,春源鋼鐵,12,16,0.75,55.58,20170704
8926,台汽電,12,16,0.75,76.92,
5471,松翰科技,12,16,0.75,53.42,
4721,美琪瑪,12,16,0.75,31.42,
9924,福興,12,16,0.75,70.25,
9925,新保,12,16,0.75,53.17,
2606,裕民,12,16,0.75,56.92,
1723,中碳,12,16,0.75,51.75,
1532,勤美,12,16,0.75,36.75,
5388,中磊電子,12,16,0.75,23.83,
5534,長虹建設,12,16,0.75,40.42,
6115,鎰勝工業,12,16,0.75,102.08,
6194,育富電子,12,16,0.75,74.42,20170712
2495,普安,12,16,0.75,70.83,
2459,敦吉,12,16,0.75,48.58,20170704
2324,仁寶電腦,12,16,0.75,47.25,
2002,中鋼,12,16,0.75,37,
9938,百和,12,16,0.75,27.08,
6112,聚碩科技,12,16,0.75,86.75,
8923,時報出版,12,16,0.75,80.83,20170704
2488,漢平,12,16,0.75,41,
2029,盛餘,12,16,0.75,58.58,20170719
5015,華祺工業,12,16,0.75,38.75,
5519,隆大營造,12,16,0.75,28.67,
2617,台航,12,16,0.75,62.25,
2404,漢唐,12,16,0.75,66.92,
8930,青鋼金屬,9,12,0.75,50.44,20170704
9951,皇田工業,9,12,0.75,48,
8937,合騏工業,9,12,0.75,7.22,
2059,川湖,9,12,0.75,53.22,
6237,驊訊電子,9,12,0.75,34.67,
8287,英格爾科,9,12,0.75,42.44,
3088,艾訊公司,9,12,0.75,15.22,
8109,博大科技,9,12,0.75,57.56,20170703
8210,勤誠興業,9,12,0.75,40.44,
3264,欣銓科技,9,12,0.75,15.11,
8249,菱光科技,9,12,0.75,30.44,
8936,國統國際,9,12,0.75,59.67,
6215,和椿科技,9,12,0.75,55.22,20170704
6284,佳邦科技,9,12,0.75,11.11,
5347,世界先進,9,12,0.75,63.89,20170706
3356,奇偶科技,9,12,0.75,82,
2331,精英,9,12,0.75,27.11,
3169,亞信電子,6,8,0.75,47.67,20170620
3290,東浦精密,6,8,0.75,12.5,20170704
3019,亞光,6,8,0.75,10.33,20170706
5317,凱美電機,6,8,0.75,35.17,
5349,先豐通訊,6,8,0.75,31.17,20170713
3234,光環,6,8,0.75,15.5,
2526,大陸,6,8,0.75,52.83,
3532,台勝科,6,8,0.75,1,
2033,佳大世界,6,8,0.75,45.67,
9960,邁達康,6,8,0.75,28.33,
5481,華韡電子,6,8,0.75,82.17,
3511,矽瑪科技,6,8,0.75,20.67,
3587,閎康科技,6,8,0.75,41.33,
8064,東捷,6,8,0.75,29,
3047,訊舟科技,6,8,0.75,20.17,20170710
2497,怡利電,6,8,0.75,8,
1536,和大,6,8,0.75,13,20170704
4976,佳凌,3,4,0.75,12,
5289,宜鼎,3,4,0.75,100.33,
5346,力晶,3,4,0.75,73,
3191,和進電子,3,4,0.75,26.33,
3432,台端,3,4,0.75,5.33,
6411,晶焱,3,4,0.75,34.67,
8105,凌巨,3,4,0.75,37.33,
4743,合一,3,4,0.75,8.67,
6414,樺漢,3,4,0.75,10,20170614
3288,點晶科技,3,4,0.75,33.33,
3163,波若威,3,4,0.75,49.67,
2731,雄獅,3,4,0.75,70.33,20170703
2642,宅配通,3,4,0.75,9,20170703
2416,世平,3,4,0.75,108.33,
2427,三商電,3,4,0.75,31.67,
2314,台揚,3,4,0.75,1.33,20170713
1220,台榮,3,4,0.75,7.33,
1309,臺達化,3,4,0.75,162.33,
9103,美德醫,3,4,0.75,5.33,
8446,華研,3,4,0.75,119,
8150,南茂,3,4,0.75,48,20170613
8049,晶采,3,4,0.75,3.67,
2228,劍麟,3,4,0.75,3.33,
2712,遠雄來,3,4,0.75,9,20170802
3623,富晶通,3,4,0.75,7.67,
3419,譁裕,3,4,0.75,17.33,
6186,新潤,3,4,0.75,79.67,
3046,建碁,3,4,0.75,40.67,
4154,F-康樂,3,4,0.75,31,
2614,東森,3,4,0.75,22.67,
8084,巨虹電子,3,4,0.75,12,
6409,旭隼,3,4,0.75,8.67,
3673,F-TPK,3,4,0.75,38,
4173,久裕,3,4,0.75,54.67,
4946,辣椒,3,4,0.75,1.33,
5264,鎧勝-KY,3,4,0.75,1.33,
3520,振維,3,4,0.75,9,
2466,冠西電,3,4,0.75,24.67,
8906,花王企業,3,4,0.75,72.33,
8092,建暐精密,3,4,0.75,10,
2906,高林實,11,15,0.73,94.09,20170704
2478,大毅,11,15,0.73,24.18,
8072,陞泰,11,15,0.73,101.91,20170705
6192,巨路國際,11,15,0.73,31.64,
8931,大園汽電,11,15,0.73,89.82,
1451,年興紡織,11,15,0.73,26.45,20170629
1612,宏泰,11,15,0.73,45.73,20170629
2108,南帝化工,11,15,0.73,54,
4420,光明絲織,11,15,0.73,91.09,
1227,佳格,11,15,0.73,80.64,
2031,新光鋼,11,15,0.73,52,20170705
6208,日揚科技,11,15,0.73,58,20170626
6184,大豐電,11,15,0.73,76.18,
1710,東聯,11,15,0.73,24.55,20170629
1465,偉全實業,11,15,0.73,57.73,
4906,正文,11,15,0.73,42.91,20170720
5706,鳳凰國際,11,15,0.73,41,
9927,泰銘,11,15,0.73,67.36,
6227,茂綸,11,15,0.73,56,
6155,鈞寶電子,11,15,0.73,48.64,20170622
6141,柏承科技,11,15,0.73,33.45,20170713
4904,遠傳電信,11,15,0.73,88.36,
6134,萬旭電業,8,11,0.73,54.88,
4114,健喬信元,8,11,0.73,12.88,
4127,天良生技,8,11,0.73,30,
2534,宏盛,8,11,0.73,15.88,
5426,振發實業,8,11,0.73,99,
3293,鈊象電子,8,11,0.73,53.63,
3041,揚智,8,11,0.73,12.88,
3443,創意電子,8,11,0.73,32,20170605
3013,晟銘電子,8,11,0.73,4.5,
3296,勝德國際,8,11,0.73,30,
1582,信錦,8,11,0.73,50.5,
2887,台新金,8,11,0.73,43,
6020,大展證券,8,11,0.73,15.63,
3354,律勝科技,8,11,0.73,29,
3438,類比科,8,11,0.73,36.88,
8255,朋程科技,8,11,0.73,50.13,20170706
8374,羅昇,8,11,0.73,34.38,
1522,堤維西,8,11,0.73,19.63,
5007,三星科技,10,14,0.71,50.8,20170620
2338,光罩,10,14,0.71,35,
2832,台產,10,14,0.71,82.1,20170705
2850,新產,10,14,0.71,78.3,
6153,嘉聯益,10,14,0.71,11.1,
2103,臺橡,10,14,0.71,38.7,
2393,億光電子,10,14,0.71,59.7,
6270,倍微科技,10,14,0.71,42.4,20170713
6277,宏正科,10,14,0.71,91.8,
8114,振樺電子,10,14,0.71,49.4,
6207,雷科,10,14,0.71,58.3,
3030,德律科技,10,14,0.71,55.5,20170613
1733,五鼎,10,14,0.71,81.4,20170629
6216,居易科技,10,14,0.71,83.5,
6196,帆宣科技,10,14,0.71,48.2,20170629
6263,普萊德科,10,14,0.71,70.1,
2437,旺詮,10,14,0.71,42.9,
2457,飛宏科技,10,14,0.71,48.5,
4105,東洋藥品,10,14,0.71,52.6,20170710
2374,佳能,10,14,0.71,37,
5529,訊嘉科技,5,7,0.71,63,
3052,夆典,5,7,0.71,91.2,
3324,雙鴻科技,5,7,0.71,11.8,20170707
4739,康普材料,5,7,0.71,75,20170704
2471,資通,5,7,0.71,70.4,
2030,彰源,5,7,0.71,27,
3455,由田,5,7,0.71,6,
4430,耀億工業,5,7,0.71,3.6,
2702,華園,5,7,0.71,63,
3680,家登精密,5,7,0.71,39.2,
4707,磐亞,5,7,0.71,41.6,
8080,奧斯特,5,7,0.71,28.4,
8011,台通,5,7,0.71,71,
3598,奕力,5,7,0.71,6,
3669,圓展,5,7,0.71,38.2,20170623
2101,南港輪胎,5,7,0.71,66,20170516
3679,新至陞,5,7,0.71,39,
6175,立敦,5,7,0.71,12.8,
3284,太普高,5,7,0.71,30.2,
3646,艾恩特,5,7,0.71,3.6,
3652,精聯,5,7,0.71,15.8,
4942,嘉彰,5,7,0.71,6.6,
8913,華夏資,5,7,0.71,8.8,20170629
2391,合勤,5,7,0.71,57,
1311,福聚,5,7,0.71,10.2,
81,恒香港,5,7,0.71,20,
1808,潤隆,7,10,0.7,71.43,
3118,進階生物,7,10,0.7,12.14,20170629
1580,新麥企業,7,10,0.7,47.71,
6021,大慶證券,7,10,0.7,42.29,
6266,泰詠電子,7,10,0.7,34.57,
1583,程泰,7,10,0.7,33,
2227,裕隆日產,7,10,0.7,31.86,
6152,百一電子,7,10,0.7,74.86,
3202,樺晟電子,7,10,0.7,19.57,
3546,宇峻奧汀,7,10,0.7,64,
3556,禾瑞亞,7,10,0.7,42.29,
3526,凡甲科技,7,10,0.7,50.57,20170713
8131,福懋科技,7,10,0.7,44,
2403,友尚,7,10,0.7,66.86,
3541,西柏科技,7,10,0.7,71.29,
3303,岱稜,7,10,0.7,37.57,20170720
6244,茂迪,7,10,0.7,49.86,
2009,第一銅,7,10,0.7,31,
3531,先益電子,7,10,0.7,19.86,20170728
2317,鴻海,11,16,0.69,85.91,
4104,東貿國際,11,16,0.69,36.36,
6204,艾華電子,11,16,0.69,93,
2376,技嘉,11,16,0.69,51.27,20170706
2548,華固建設,11,16,0.69,48.27,
1473,台南企業,11,16,0.69,69.45,
4711,永純化工,11,16,0.69,71.55,20170629
2412,中華電,11,16,0.69,92.82,
6201,亞弘電,11,16,0.69,71,20170808
1521,大億,11,16,0.69,69.55,
5515,建國工程,9,13,0.69,96.67,
3032,偉訓科技,9,13,0.69,43.89,20170719
1558,伸興,9,13,0.69,78.22,20170704
6185,幃翔精密,9,13,0.69,56.33,
6239,力成科技,9,13,0.69,28.56,20170801
8354,冠郝企業,9,13,0.69,40.11,
1724,台硝,9,13,0.69,25.67,
2890,建華金,9,13,0.69,31.89,
3093,港建,10,15,0.67,63.9,
1324,地球工業,10,15,0.67,51.3,
1735,日勝化,10,15,0.67,69.6,
6230,超眾科技,10,15,0.67,22.7,
2477,美隆電,10,15,0.67,23.9,
5439,高技企業,10,15,0.67,43.9,
6609,瀧澤科,10,15,0.67,71.8,20170718
3484,崧騰,8,12,0.67,42.63,
3376,新日興,8,12,0.67,24.25,
2546,根基,8,12,0.67,86.25,
6131,悠克電子,8,12,0.67,29.25,
3206,志豐電子,8,12,0.67,43.25,
3305,昇貿科技,8,12,0.67,47.13,20170627
3218,大學光,6,9,0.67,57.5,
1773,勝一化工,6,9,0.67,70.83,20170622
3479,安勤科技,6,9,0.67,54.67,20170629
5480,統盟電子,6,9,0.67,46,20170711
5102,富強輪胎,6,9,0.67,50.5,
3291,遠翔科,6,9,0.67,46,
3605,宏致,6,9,0.67,24.33,
2904,匯僑,6,9,0.67,68.17,
2231,為升,6,9,0.67,30.67,
6275,元山科技,6,9,0.67,11.67,
4534,慶騰精密,4,6,0.67,2.75,
2405,浩鑫,4,6,0.67,6.5,
8107,大億科技,4,6,0.67,10,
8422,可寧衛,4,6,0.67,135.25,
8427,基勝-KY,4,6,0.67,12.25,
4960,奇美材料,4,6,0.67,12.25,
1103,嘉泥,4,6,0.67,9.25,
4987,科誠,4,6,0.67,85.25,
3645,達邁,4,6,0.67,10,
5820,日盛金,4,6,0.67,98.75,
1339,昭輝,4,6,0.67,58.5,
1593,祺驊,4,6,0.67,99,
1597,直得,4,6,0.67,3,
3105,穩懋,4,6,0.67,5.5,
3054,萬國科技,4,6,0.67,41,
3622,洋華,4,6,0.67,14.5,
4999,鑫禾科技,4,6,0.67,86.25,
4915,致伸,4,6,0.67,8.75,20170626
1538,正峰新,4,6,0.67,22.5,
4995,晶達光電,4,6,0.67,92,20170619
6289,華上,4,6,0.67,32.75,
910861,神州-DR,4,6,0.67,3.25,
3226,至寶電腦,4,6,0.67,61.75,
2924,東凌-KY,4,6,0.67,49.25,
4979,華星光,4,6,0.67,38.75,
4974,亞泰,4,6,0.67,23,20170623
1259,安心,4,6,0.67,49.25,20170628
1618,合機公司,4,6,0.67,39,
1570,力肯實業,4,6,0.67,82.75,
2447,鼎新,4,6,0.67,59.25,
6449,鈺邦,2,3,0.67,33,
8450,霹靂,2,3,0.67,5.5,
2323,中環,2,3,0.67,128.5,
4930,燦星網通,2,3,0.67,1.5,
3666,光耀,2,3,0.67,76,20170725
3051,力特,2,3,0.67,11.5,
5432,達威光電,2,3,0.67,1.5,
6015,宏遠證,2,3,0.67,56.5,
4128,中天生技,2,3,0.67,43,
2388,威盛,2,3,0.67,106.5,
1262,綠悅-KY,2,3,0.67,1.5,
4402,福大棉業,2,3,0.67,1,
5291,邑昇,2,3,0.67,4.5,
5243,乙盛-KY,2,3,0.67,17,
4944,兆遠科技,2,3,0.67,4,
8040,九暘電子,2,3,0.67,1.5,
6404,通訊-KY,2,3,0.67,10,
2024,志聯,2,3,0.67,8.5,20170628
4433,興采,2,3,0.67,1.5,20170630
3629,卓韋光電,2,3,0.67,7,
8420,明揚,2,3,0.67,8.5,20170627
8454,富邦媒,2,3,0.67,1.5,20170605
2407,陞技,2,3,0.67,61.5,
4549,桓達,2,3,0.67,3.5,
3508,位速,2,3,0.67,4.5,
4137,麗豐-KY,2,3,0.67,126.5,
3276,宇環,2,3,0.67,1.5,20170711
2344,華邦電,2,3,0.67,2,
1781,合世生醫,2,3,0.67,1,
6101,弘捷,2,3,0.67,54.5,
6219,富旺,2,3,0.67,18,20170517
4950,牧東,2,3,0.67,3.5,
5278,尚凡,2,3,0.67,21,
6426,統新,2,3,0.67,38.5,
6405,悅城,2,3,0.67,35.5,
2349,錸德,2,3,0.67,122.5,
1718,中纖,2,3,0.67,60,
1436,福益,2,3,0.67,49,
3437,榮創,2,3,0.67,3.5,
5324,士開,2,3,0.67,88.5,
3122,笙泉,2,3,0.67,80.5,
3389,志遠,2,3,0.67,48.5,
2460,建通精密,9,14,0.64,47.78,
6261,久元,9,14,0.64,53.78,
6508,惠光化學,9,14,0.64,58.44,
6121,新普科技,9,14,0.64,30.11,
6188,廣明光電,9,14,0.64,57.11,
3059,華晶科技,9,14,0.64,53.89,
5209,新鼎系統,9,14,0.64,58.67,
3211,順達科,9,14,0.64,71.89,20170628
5508,永信建設,9,14,0.64,97.22,
2851,中再保,9,14,0.64,68.22,20170620
6285,啟碁科技,9,14,0.64,40.11,
2106,建大,7,11,0.64,48.29,
8024,佑華,7,11,0.64,10.71,
3501,維熹科技,7,11,0.64,29.57,
3306,鼎天國際,7,11,0.64,19.14,
3260,威剛科技,7,11,0.64,71.57,20170704
3491,昇達科技,7,11,0.64,83,20170706
8234,新漢電腦,7,11,0.64,37.57,
3315,宣昶,7,11,0.64,75.86,
5403,中菲電腦,10,16,0.63,84.5,
6160,欣技資訊,10,16,0.63,75.9,
2347,聯強國際,10,16,0.63,42.8,
4722,國精化學,10,16,0.63,18.1,
2356,英業達,10,16,0.63,51.1,
5533,皇鼎建設,10,16,0.63,53.3,20170622
2480,敦陽科技,10,16,0.63,92.5,20170622
6139,亞翔工程,10,16,0.63,56.3,20170822
3010,華立,10,16,0.63,44,
3653,健策,5,8,0.63,17.6,
3363,上詮,5,8,0.63,3.4,
3067,全域,5,8,0.63,112,
8079,誠遠科技,5,8,0.63,51.2,
9962,有益鋼鐵,5,8,0.63,60.8,20170703
8087,華鎂鑫,5,8,0.63,6.4,
8403,盛弘醫藥,5,8,0.63,55.8,
2063,世鎧,5,8,0.63,43.4,20170614
2208,台船公司,5,8,0.63,88,
3332,幸康,8,13,0.62,56.13,20170731
3217,優群科技,8,13,0.62,54.13,
6136,富爾特,8,13,0.62,142.63,
2450,神腦,8,13,0.62,68.38,
1477,聚陽實業,9,15,0.6,51.11,
3114,好德科技,9,15,0.6,32.33,
6203,海韻電子,9,15,0.6,57.67,
3015,全漢,9,15,0.6,67.22,
3006,晶豪科技,9,15,0.6,38.78,20170704
1540,喬福機械,9,15,0.6,54.89,
3529,力旺,6,10,0.6,4.5,20170629
2636,台驊國際,6,10,0.6,37.33,
3518,柏騰科技,6,10,0.6,27.67,
9958,世紀鋼構,6,10,0.6,39.5,
3537,堡達,6,10,0.6,46.33,
3551,世禾,6,10,0.6,33.17,
3515,華擎,6,10,0.6,123.17,
2535,達欣工,6,10,0.6,22.17,
8435,鉅邁,3,5,0.6,92,20170706
4144,康聯-KY,3,5,0.6,16.67,20170706
8436,大江,3,5,0.6,46.67,20170706
1599,宏佳騰,3,5,0.6,92,
3079,宏億,3,5,0.6,35.33,
3630,新鉅科,3,5,0.6,1,
3632,研勤,3,5,0.6,3,
2066,世德,3,5,0.6,24.33,
6190,萬泰科技,3,5,0.6,51.67,
6233,旺玖科技,3,5,0.6,25,
3561,昇陽科,3,5,0.6,24.33,
1817,凱撒衛,3,5,0.6,43.33,
8908,欣雄,3,5,0.6,132,
8406,金可-KY,3,5,0.6,13,
4536,拓凱,3,5,0.6,15.33,20170719
3576,新日光,3,5,0.6,3,
3322,建舜電子,3,5,0.6,12.67,
5215,科嘉-KY,3,5,0.6,85.67,
3312,弘憶國際,3,5,0.6,75.67,
3141,晶宏,3,5,0.6,3,
2470,品佳,3,5,0.6,92.67,
6221,晉泰科技,7,12,0.58,78.29,
3130,一零四,7,12,0.58,33.57,20170721
8940,新天地,7,12,0.58,60.14,
8924,大田精密,7,12,0.58,79,
3236,千如,7,12,0.58,23.14,
6142,友勁科技,7,12,0.58,40.57,
2916,滿心企業,7,12,0.58,89.43,20170626
5880,合庫金,7,12,0.58,64.71,
1560,中砂,7,12,0.58,47.29,20170703
2365,昆盈企業,8,14,0.57,8.63,
3090,日電貿,8,14,0.57,81.38,20170706
2430,燦坤實業,8,14,0.57,18.25,20170510
6271,同欣電子,8,14,0.57,18.38,20170725
2455,全新,4,7,0.57,33,20170703
3071,協禧電機,4,7,0.57,29.75,
9955,佳龍,4,7,0.57,56.75,
1586,和勤精機,4,7,0.57,8.25,
3080,威力盟,4,7,0.57,22.75,
1520,復盛,4,7,0.57,65.25,
1742,台蠟,4,7,0.57,167,
2539,櫻花建設,4,7,0.57,62.75,
1762,中化合成,4,7,0.57,15.75,20170724
2413,環科,4,7,0.57,29,
4429,聚紡,4,7,0.57,2.25,
4725,信昌化,4,7,0.57,2.75,
6191,精成科技,4,7,0.57,78.5,
1336,台翰,4,7,0.57,17.75,
8215,達信,4,7,0.57,36.5,
3294,英濟,4,7,0.57,60,
3003,健和興,9,16,0.56,4.67,
2718,晶悅,5,9,0.56,31.8,
3092,鴻碩,5,9,0.56,5.4,
1312A,國喬特,5,9,0.56,49.8,
3591,艾笛森,5,9,0.56,8.2,
8093,保銳科技,5,9,0.56,98.8,
8271,宇瞻科技,5,9,0.56,58.2,20170629
2452,乾坤,5,9,0.56,30.2,
3528,安馳科技,5,9,0.56,143,
3550,聯穎,5,9,0.56,49,
6122,擎邦國際,5,9,0.56,52.4,
3588,通嘉,5,9,0.56,7.4,
3624,光頡,5,9,0.56,47.6,20170630
6803,崑鼎投控,5,9,0.56,22.8,
8048,德勝科技,6,11,0.55,42,
6209,今國光學,6,11,0.55,8.17,
8289,泰藝電子,6,11,0.55,29.17,
3416,融程電訊,6,11,0.55,56.5,20170620
2884,玉山金,6,11,0.55,40.67,
6195,詩肯,6,11,0.55,45.83,
8008,建興電子,6,11,0.55,26.5,
3311,閎暉,7,13,0.54,27.86,
6161,捷波資訊,7,13,0.54,42.43,
3048,益登,7,13,0.54,36.86,
6218,豪勉科技,8,15,0.53,84,
2489,瑞軒,8,15,0.53,44.5,
6128,上福全球,8,15,0.53,69.63,20170629
3028,增你強,8,16,0.5,110.13,20170710
3026,禾伸堂,8,16,0.5,74.63,20170713
5608,四維航業,7,14,0.5,53.57,
6281,全國電,6,12,0.5,82,20170602
2467,志聖工業,6,12,0.5,69.33,20170623
1813,寶利徠,6,12,0.5,31,
2820,華票,6,12,0.5,136.5,20170628
2852,第一保,6,12,0.5,27.17,
3388,崇越電,6,12,0.5,41.67,
3567,逸昌科技,5,10,0.5,7.8,
3441,聯一光學,5,10,0.5,92.2,
8390,金益鼎,5,10,0.5,10.2,
3444,利機企業,5,10,0.5,11.4,
2399,映泰,4,8,0.5,73.5,
8201,無敵,4,8,0.5,36.5,
5603,陸海交通,4,8,0.5,17.5,
1539,巨庭,4,8,0.5,38.75,
3402,漢科系統,4,8,0.5,47,
3553,力積,4,8,0.5,4,
5536,聖暉,4,8,0.5,59.75,20170614
4737,華廣,4,8,0.5,21,
3131,弘塑科技,4,8,0.5,40.75,20170721
01005T,三鼎,3,6,0.5,25.33,
1541,錩泰,3,6,0.5,40.67,
4153,鈺緯,3,6,0.5,37.67,
3287,廣寰科,3,6,0.5,60,
4973,廣穎電通,3,6,0.5,56,
3642,駿熠電子,3,6,0.5,1.33,
3089,展成科技,3,6,0.5,1,
4916,事欣科,3,6,0.5,23,20170703
2722,夏都,3,6,0.5,45,20170622
3582,凌耀,3,6,0.5,2.67,
4972,湯石照明,3,6,0.5,95.67,
8416,實威,3,6,0.5,2.67,20170615
8432,東生華,3,6,0.5,23.33,
3020,奇普仕,2,4,0.5,6.5,
3661,世芯-KY,2,4,0.5,3.5,
2014,中鴻,2,4,0.5,78,
6178,振遠科技,2,4,0.5,95,
9946,金革科技,2,4,0.5,29.5,
4110,博登,2,4,0.5,13.5,
3149,正達國際,2,4,0.5,5,
4991,環宇-KY,2,4,0.5,28,
2418,雅新,2,4,0.5,64.5,
4735,豪展醫療,2,4,0.5,1,20170703
5272,笙科,2,4,0.5,7,
5285,界霖,2,4,0.5,20,
3663,鑫科,2,4,0.5,1,
4977,眾達-KY,2,4,0.5,54,20170626
5287,數字,2,4,0.5,76,
1256,鮮活果汁-KY,2,4,0.5,8,20170601
8421,旭源,2,4,0.5,30.5,
8429,金麗-KY,2,4,0.5,7,
5475,德宏工業,2,4,0.5,56.5,
5225,東科-KY,2,4,0.5,109.5,
3308,聯德,2,4,0.5,56,
2887C,新丙特,2,4,0.5,48,
2235,謚源,2,4,0.5,93.5,
4755,三福化,2,4,0.5,40.5,
3362,先進光電,2,4,0.5,20.5,
2641,正德,2,4,0.5,122.5,
3021,鴻名,2,4,0.5,13.5,20170703
3516,亞帝歐,2,4,0.5,107.5,
3675,德微科技,2,4,0.5,1.5,
6412,群電,2,4,0.5,6,20170622
6132,銳普電子,1,2,0.5,22,
6148,驊宏資,1,2,0.5,4,
2807,竹商銀,1,2,0.5,20,
3252,宏連科技,1,2,0.5,55,
6457,紘康,1,2,0.5,38,20170629
6242,聯豪科,1,2,0.5,43,
6294,智基,1,2,0.5,1,
2816,旺旺保,1,2,0.5,1,
1264,德麥,1,2,0.5,65,20170704
4924,F-欣厚,1,2,0.5,3,
4556,旭然,1,2,0.5,9,
3557,嘉威,1,2,0.5,207,
3521,鴻翊,1,2,0.5,185,
3219,倚強,1,2,0.5,3,
5906,F-台南,1,2,0.5,1,
6103,合邦電子,1,2,0.5,66,
6264,德士通,1,2,0.5,67,
6417,韋僑,1,2,0.5,17,
6432,今展科,1,2,0.5,5,20170726
6442,光聖,1,2,0.5,11,
8431,匯鑽科,1,2,0.5,1,
8444,綠河-KY,1,2,0.5,1,20170712
6470,宇智,1,2,0.5,35,
6238,勝麗,1,2,0.5,125,20170704
4729,熒茂,1,2,0.5,2,
4551,智伸科,1,2,0.5,7,20170703
3682,亞太電,1,2,0.5,4,
3142,遠茂,1,2,0.5,3,
1417,嘉裕,1,2,0.5,10,
6193,洪氏英,1,2,0.5,2,
6451,訊芯-KY,1,2,0.5,17,
1423,利華,1,2,0.5,3,
4550,長佳,1,2,0.5,1,20170725
8463,潤泰材,1,2,0.5,3,
8222,寶一,1,2,0.5,2,
6488,環球晶,1,2,0.5,31,
7402,邑錡,1,2,0.5,1,
3694,海華科技,1,2,0.5,132,
3672,康聯訊,1,2,0.5,24,
1101A,台泥特,1,2,0.5,34,
2740,天蔥,1,2,0.5,1,
2475,華映,1,2,0.5,2,
6222,上揚科技,1,2,0.5,40,
6464,台數科,1,2,0.5,35,20170629
2830,北銀,1,2,0.5,26,
1626,F-艾美,1,2,0.5,8,
3081,聯亞,1,2,0.5,6,20170603
3465,祥業,1,2,0.5,8,
3413,京鼎,1,2,0.5,25,
3514,昱晶能源,1,2,0.5,1,
3625,西勝,1,2,0.5,1,
3584,介面光電,1,2,0.5,2,
8171,天宇工業,1,2,0.5,2,
4168,醣聯,1,2,0.5,4,
4414,如興,1,2,0.5,35,
5387,茂德科技,1,2,0.5,20,
5414,磐英,1,2,0.5,53,
5301,寶得利,1,2,0.5,2,
2473,思源,5,11,0.45,44.2,
1785,光洋科,5,11,0.45,44.2,
1788,杏昌生技,5,11,0.45,60.2,20170622
3490,單井,5,11,0.45,42.8,
6506,雙邦,5,11,0.45,4.6,
4736,泰博,4,9,0.44,58.5,
1752,南光,4,9,0.44,18.5,
2596,綠意開發,4,9,0.44,60,
3628,盈正豫順,4,9,0.44,72.5,
3607,谷崧,4,9,0.44,69.75,20170705
2221,大甲永和,4,9,0.44,40.75,
6119,大傳企業,4,9,0.44,118.5,
2049,上銀科技,6,14,0.43,20.17,
6023,寶來期,6,14,0.43,111.33,20170614
3213,茂訊電腦,6,14,0.43,98,
3691,碩禾,3,7,0.43,15.33,20170727
3693,營邦,3,7,0.43,47.67,
4933,友輝,3,7,0.43,31.67,
8033,雷虎科技,3,7,0.43,35.67,
3689,湧德電子,3,7,0.43,17.33,
6251,定穎電子,3,7,0.43,18.33,
8411,福貞-KY,3,7,0.43,10.33,20170720
8213,志超,5,12,0.42,77.2,20170706
3563,牧德,4,10,0.4,75.5,20170717
1566,毅金,4,10,0.4,6,
8941,關中,4,10,0.4,34.5,20170803
9915,億豐,2,5,0.4,109,
5234,達興材料,2,5,0.4,2.5,20170629
3066,李洲科技,2,5,0.4,116.5,
5450,寶聯電腦,2,5,0.4,4.5,
8059,凱碩,2,5,0.4,109.5,20170718
4163,鐿鈦,2,5,0.4,43,
5251,天鉞電,2,5,0.4,39,
3519,綠能,2,5,0.4,25.5,
5506,長鴻營造,2,5,0.4,23,
3069,寶晟科,2,5,0.4,26.5,
8418,F-必勝,2,5,0.4,1.5,20170704
911608,明輝環球,2,5,0.4,12.5,
4113,聯上,2,5,0.4,64,
4432,銘旺實,2,5,0.4,14.5,
2926,誠品生活,2,5,0.4,53.5,20170622
6189,豐藝電子,6,16,0.38,79.67,
6154,順發電腦,6,16,0.38,93.67,
3033,威健,6,16,0.38,68.67,20170713
3338,泰碩,3,8,0.38,27.67,20170705
3662,樂陞科技,3,8,0.38,37.33,
8401,白紗科技,3,8,0.38,45.67,20170622
4745,合富-KY,3,8,0.38,24.67,
3285,微端,4,11,0.36,4.25,
3594,磐儀,3,9,0.33,3,
1568,倉佑,3,9,0.33,1.67,20170630
4138,曜亞國際,3,9,0.33,16.67,
3310,佳穎,3,9,0.33,43.67,
2597,潤弘精密,3,9,0.33,58,
3564,其陽,2,6,0.33,22,
4927,泰鼎-KY,2,6,0.33,66.5,20170720
8277,商丞科技,2,6,0.33,3.5,
3128,昇銳,2,6,0.33,109.5,
4994,傳奇,2,6,0.33,97.5,
3489,筌寶,2,6,0.33,12,
3379,彬台科技,2,6,0.33,57.5,
3224,三顧,2,6,0.33,66,
4939,亞電,2,6,0.33,1.5,
3474,華亞科,1,3,0.33,2,
2386,國電,1,3,0.33,131,
9912,偉聯,1,3,0.33,39,
3580,友威科技,1,3,0.33,1,
4116,明基醫,1,3,0.33,10,20170712
3230,錦明,1,3,0.33,18,
2833A,台壽甲,1,3,0.33,39,
5878,台名,1,3,0.33,161,20170629
5395,圓方創新,1,3,0.33,1,
4541,晟田,1,3,0.33,5,
3499,環天科,1,3,0.33,240,
2537,聯上發,1,3,0.33,81,
6130,基因,1,3,0.33,72,
4542,科嶠,1,3,0.33,57,
3374,精材,1,3,0.33,1,
5261,創傑,1,3,0.33,87,
3272,東碩,1,3,0.33,25,
3086,華義,1,3,0.33,36,
1340,勝悅-KY,1,3,0.33,1,
5255,美桀,1,3,0.33,1,
2929,淘帝-KY,1,3,0.33,7,
6232,仕欽科技,1,3,0.33,18,
3523,迎輝,1,3,0.33,17,
9102,東亞科,1,3,0.33,92,
6504,南六企業,4,13,0.31,35.75,20170802
4747,強生製藥,2,7,0.29,44,20170613
2637,慧洋-KY,2,7,0.29,61,
3684,榮昌,2,7,0.29,40,20170706
1795,美時製藥,2,7,0.29,9.5,
8424,惠普,2,7,0.29,170,
5213,捷鴻資訊,2,8,0.25,25,
6225,天瀚科技,1,4,0.25,1,
3593,力銘,1,4,0.25,3,
4175,杏一,1,4,0.25,13,
1799,紅電醫,1,4,0.25,16,
2734,易飛網,1,4,0.25,10,
3579,尚志,1,4,0.25,22,
6246,臺龍電子,1,4,0.25,1,
2064,晉椿,1,4,0.25,115,
3687,歐買尬,1,4,0.25,4,
3555,擎泰科技,1,4,0.25,43,20170703
3535,晶彩科,1,4,0.25,87,
3558,神準,2,9,0.22,54,
2230,泰茂,2,9,0.22,8.5,
3259,鑫創,1,5,0.2,3,
3609,東林,1,5,0.2,4,
6212,理銘科技,1,5,0.2,22,
3631,晟楠,1,5,0.2,2,
3573,穎台,1,5,0.2,4,
2921,和樂,1,5,0.2,169,
2061,風青,1,5,0.2,31,
3452,益通光能,1,5,0.2,44,
3167,大量科技,2,11,0.18,79.5,
2038,海光企業,1,6,0.17,9,
2640,大車隊,1,6,0.17,7,